"standard_code","standard_name","revision_year","reference_standard","standard_type","status","description","attachment"
"GB/T 5783","六角头螺栓-全螺纹 (A/B级 粗牙)","2016","","Product Standard","Current","",""
"GB/T 983","不锈钢棒焊条","2012","","Product Standard","Current","本标准规定了不锈钢电弧焊焊条的分类、技术要求、试验方法、检验规则、包装、标志及质量证明书。本标准等效采用 AWS A5.4 标准，适用于铬含量大于 10.5%、铁含量超过其他任何元素的各类不锈钢覆盖棒状电焊条。",""
"GB/T 5117","非合金钢及细晶粒钢焊条","2012","","Product Standard","Current","",""
"GB/T 5780","六角头螺栓-半螺纹 (C级 粗制)","2016","","Product Standard","Current","",""
"DIN 933 (不锈钢)","六角头螺栓-全螺纹 (德标不锈钢常用)","2000","","Product Standard","Current","",""
"GB/T 5783 (不锈钢)","六角头螺栓-全螺纹 (不锈钢 A2/A4)","2000","","Product Standard","Current","",""
"GB/T 1804","一般公差-未注公差的线性和角度尺寸公差","2000","","Dimension Standard","Current","",""
"GB/T 17395","无缝钢管尺寸、外形、重量及允许偏差","2008","","Dimension Standard","Current","",""
"GB/T 709","热轧钢板和钢带的尺寸、外形及允许偏差","2019","","Dimension Standard","Current","",""
"GB/T 4237","不锈钢热轧钢板和钢带 (表面粗糙/厚板)","2015","","Material Standard","Current","",""
"GB/T 3280","不锈钢冷轧钢板和钢带 (表面光洁/薄板)","2015","","Material Standard","Current","",""
"GB/T 3077","合金结构钢 (40Cr/42CrMo等)","2015","","Material Standard","Current","",""
"GB/T 699","优质碳素结构钢 (45号钢/圆钢)","2015","","Material Standard","Current","",""
"GB/T 1591","低合金高强度结构钢 (Q355/锰钢)","2018","","Material Standard","Current","",""
"GB/T 700","碳素结构钢 (Q235系列)","2006","","Material Standard","Current","",""
"GB/T 119.1","圆柱销 (不淬硬钢)","2000","","Product Standard","Current","",""
"GB/T 1096","普通平键 (需区分A/B/C型)","2003","","Product Standard","Current","",""
"GB/T 893.1","孔用弹性挡圈 (A型/内卡)","2017","","Product Standard","Current","",""
"GB/T 894.1","轴用弹性挡圈 (A型/外卡)","2017","","Product Standard","Current","",""
"GB/T 93","标准型弹簧垫圈","1987","","Product Standard","Current","",""
"GB/T 96.1","大垫圈-A级 (宽边/木材塑料用)","2002","","Product Standard","Current","",""
"GB/T 97.1","平垫圈-A级 (标准型)","2002","","Product Standard","Current","",""
"GB/T 889.1","1型非金属嵌件六角锁紧螺母 (尼龙防松)","2016","","Product Standard","Current","",""
"GB/T 6175","2型六角螺母 (加厚型)","2016","","Product Standard","Current","",""
"GB/T 6171","1型六角螺母 (A/B级 细牙)","2016","","Product Standard","Current","",""
"GB/T 6170","1型六角螺母 (A/B级 标准型 粗牙)","2015","","Product Standard","Current","",""
"GB/T 77","内六角平端紧定螺钉 (机米螺丝)","2007","","Product Standard","Current","",""
"GB/T 818","十字槽盘头螺钉 (机螺钉)","2016","","Product Standard","Current","",""
"GB/T 16674.1","六角法兰面螺栓 (小系列/全螺纹)","2016","","Product Standard","Current","",""
"GB/T 70.3","内六角沉头螺钉 (平杯)","2008","","Product Standard","Current","",""
"GB/T 70.2","内六角平圆头螺钉 (圆杯)","2008","","Product Standard","Current","",""
"GB/T 70.1","内六角圆柱头螺钉 (杯头)","2008","","Product Standard","Current","",""
"GB/T 5781","六角头螺栓-全螺纹 (C级 粗制)","2016","","Product Standard","Current","",""
"GB/T 5785","六角头螺栓-半螺纹 (A/B级 细牙)","2016","","Product Standard","Current","",""
"GB/T 5786","六角头螺栓-全螺纹 (A/B级 细牙)","2016","","Product Standard","Current","",""
"GB/T 5782","六角头螺栓-半螺纹 (A/B级 粗牙)","2016","","Product Standard","Current","",""
"E310-16","A402 高铬镍耐热不锈钢焊条","2012","GB/T 983","Product Standard","Current","钛钙型药皮的纯奥氏体不锈钢焊条。熔敷金属具有良好的抗氧化性及耐热性（最高工作温度可达1000℃以上）。适用于在高温条件下工作的同类型耐热不锈钢、不锈钢衬里、异种钢焊接。",""
"E309L-16","A042 异种钢/复合钢用超低碳焊条","2012","GB/T 983","Product Standard","Current","超低碳Cr23Ni13型不锈钢焊条。常用于不锈钢与碳钢或低合金钢的异种金属焊接，以及复合钢板的基层堆焊，具有良好的抗裂性和耐腐蚀性。",""
"E316L-16","A022 含钼超低碳不锈钢焊条","2012","GB/T 983","Product Standard","Current","含钼超低碳不锈钢焊条，交直流两用。由于焊缝金属中含有钼，具有良好的耐热、耐酸及耐点蚀性能。特别适用于尿素、合成纤维等介质及受有机酸、无机酸作用的设备焊接。",""
"E308L-16","A002 超低碳Cr19Ni10不锈钢焊条","2012","GB/T 983","Product Standard","Current","超低碳奥氏体不锈钢焊条。由于含碳量低，具有优异的耐晶间腐蚀性能。用于焊接超低碳02Cr19Ni10不锈钢结构，也可用于合成纤维、化肥、石油等设备的制造。",""
"E308-16","A102 钛钙型Cr19Ni10不锈钢焊条","2012","GB/T 983","Product Standard","Current","钛钙型药皮的奥氏体不锈钢焊条。熔敷金属具有良好的力学性能及抗晶间腐蚀性能。交直流两用，操作性能极佳。主要用于焊接工作温度低于300℃的06Cr19Ni10（SUS304）不锈钢结构。",""
"E4315","J427 低氢钠型碳钢焊条","2012","GB/T 5117","Product Standard","Current","43级强度的碱性低氢焊条。直流反接。主要用于焊接承受动载荷、受力复杂或厚度较大的重要碳钢结构，提供比酸性焊条更好的韧性和抗裂性。",""
"E4313","J421 高钛钾型薄板焊条","2012","GB/T 5117","Product Standard","Current","高钛钾型药皮。该焊条熔深较浅，引弧非常容易，电弧柔和，全位置操作性能优越。特别适用于薄板结构的间断焊接、小件焊接以及一般表面修饰要求较高的场合。",""
"E5015","J507 低氢钠型高韧性焊条","2012","GB/T 5117","Product Standard","Current","碱性低氢钠型药皮焊条。必须采用直流反接焊接。其核心优势在于极高的冲击韧性和优异的抗裂性。广泛应用于核电、石油化工、锅炉压力容器等对安全性要求极高的焊接作业。",""
"E5016","J506 低氢钾型低合金钢焊条","2012","GB/T 5117","Product Standard","Current","属于碱性低氢型焊条。含钾药皮使其能交直流两用。具有优良的抗裂性能和力学性能，焊缝金属含氢量极低。适用于中碳钢、低合金钢等重要结构，如桥梁、压力容器及重要构件。",""
"E4303","J422 钛钙型碳钢焊条","2012","GB/T 5117","Product Standard","Current","最具代表性的酸性焊条。药皮含大量钛、钙成分，交直流两用。具有极佳的工艺性能：电弧稳定、飞溅小、脱渣极易、焊缝波纹细腻。适用于一般低碳钢建筑结构、车辆及船舶非重要部位焊接。",""
